Name,"Modified Time","Change Time","Access Time","Created Time",Size,"Flags(Dir)","Flags(Meta)",Known,"MD5 Hash","SHA-256 Hash","MIME Type",Extension,Location
"$OrphanFiles","0000-00-00 00:00:00","0000-00-00 00:00:00","0000-00-00 00:00:00","0000-00-00 00:00:00",0,Allocated,Allocated,unknown,,,,,
"$FAT1","0000-00-00 00:00:00","0000-00-00 00:00:00","0000-00-00 00:00:00","0000-00-00 00:00:00",3827200,Allocated,Allocated,unknown,"db885a08541f480e724e42123d7179b2","ac024341566249c5aa28b9349079884b684c16a3833ebda7a86f0c894f7064aa",application/octet-stream,,"/img_fd_kel3.001/vol_vol2/$FAT1"
"$FAT2","0000-00-00 00:00:00","0000-00-00 00:00:00","0000-00-00 00:00:00","0000-00-00 00:00:00",3827200,Allocated,Allocated,unknown,"db885a08541f480e724e42123d7179b2","ac024341566249c5aa28b9349079884b684c16a3833ebda7a86f0c894f7064aa",application/octet-stream,,"/img_fd_kel3.001/vol_vol2/$FAT2"
"$MBR","0000-00-00 00:00:00","0000-00-00 00:00:00","0000-00-00 00:00:00","0000-00-00 00:00:00",512,Allocated,Allocated,unknown,"70936fcc6c06ee316f6791c8f3b83929","57bbb6fb5f2b38681f5e017eb3980ab72e727b5656ae155489c638a763fe0f25",application/octet-stream,,"/img_fd_kel3.001/vol_vol2/$MBR"
"$CarvedFiles","0000-00-00 00:00:00","0000-00-00 00:00:00","0000-00-00 00:00:00","0000-00-00 00:00:00",0,Allocated,Allocated,unknown,,,,,
"$Unalloc","0000-00-00 00:00:00","0000-00-00 00:00:00","0000-00-00 00:00:00","0000-00-00 00:00:00",0,Allocated,Allocated,unknown,,,,,
.data,"2026-10-01 03:38:56 WIB","0000-00-00 00:00:00","2026-10-01 00:00:00 WIB","2026-09-26 18:39:46 WIB",16384,Allocated,Allocated,unknown,,,,,"/img_fd_kel3.001/vol_vol2/.data"
.payloads,"2026-09-26 22:19:06 WIB","0000-00-00 00:00:00","2026-09-26 00:00:00 WIB","2026-09-26 22:19:05 WIB",0,Unallocated,Unallocated,unknown,,,,,"/img_fd_kel3.001/vol_vol2/.payloads"
.Trash-1000,"2026-10-01 03:38:56 WIB","0000-00-00 00:00:00","2026-10-01 00:00:00 WIB","2026-09-27 06:00:44 WIB",16384,Allocated,Allocated,unknown,,,,,"/img_fd_kel3.001/vol_vol2/.Trash-1000"
akses,"2026-09-27 13:45:24 WIB","0000-00-00 00:00:00","2026-09-27 00:00:00 WIB","2026-09-27 05:59:01 WIB",0,Unallocated,Unallocated,unknown,,,,,"/img_fd_kel3.001/vol_vol2/akses"
"System Volume Information","2026-09-27 02:29:08 WIB","0000-00-00 00:00:00","2026-09-27 00:00:00 WIB","2026-09-27 02:29:06 WIB",0,Unallocated,Unallocated,unknown,,,,,"/img_fd_kel3.001/vol_vol2/System Volume Information"
"System Volume Information","2026-10-01 10:29:58 WIB","0000-00-00 00:00:00","2026-10-01 00:00:00 WIB","2026-10-01 10:29:56 WIB",16384,Allocated,Allocated,unknown,,,,,"/img_fd_kel3.001/vol_vol2/System Volume Information"
.write_test_1184.tmp,"1980-01-01 00:00:00 WIB","0000-00-00 00:00:00","2026-09-26 00:00:00 WIB","1980-01-01 00:00:00 WIB",16384,Unallocated,Unallocated,unknown,"9b0dd99e877bacd0743163ea0dbce919","a70b31b33282da722120aa1e13c816f88a70f7c36b18f262a188b97595653e79",application/octet-stream,tmp,"/img_fd_kel3.001/vol_vol2/.write_test_1184.tmp"
.write_test_1184.tmp,"1980-01-01 00:00:00 WIB","0000-00-00 00:00:00","2026-09-26 00:00:00 WIB","1980-01-01 00:00:00 WIB",278528,Unallocated,Unallocated,unknown,"bed6595bfb53ab4d823f0e92a64d3076","4c467534603ec0b9fda4536957c415d29e23ec0e64424e5845d297f8f1651814",application/octet-stream,tmp,"/img_fd_kel3.001/vol_vol2/.write_test_1184.tmp"
.write_test_1572.tmp,"1980-01-01 00:00:00 WIB","0000-00-00 00:00:00","2026-09-26 00:00:00 WIB","1980-01-01 00:00:00 WIB",294912,Unallocated,Unallocated,unknown,"c055c81c85f84e0c4f05e868f56168d2","1873a2b494cec6ea23c281d0767944afbf43722760e14f8152572519ae0ba554",application/octet-stream,tmp,"/img_fd_kel3.001/vol_vol2/.write_test_1572.tmp"
.write_test_1572.tmp,"1980-01-01 00:00:00 WIB","0000-00-00 00:00:00","2026-09-26 00:00:00 WIB","1980-01-01 00:00:00 WIB",294912,Unallocated,Unallocated,unknown,"115a5dfe9de23a41509b2f675b57dccb","aed3fbb00f5a7c138f71972bb145396db3309cc5c56b94b258bee5bc70c4f06f",application/x-msdownload,tmp,"/img_fd_kel3.001/vol_vol2/.write_test_1572.tmp"
.write_test_1840.tmp,"2026-09-27 02:39:12 WIB","0000-00-00 00:00:00","2026-09-27 00:00:00 WIB","2026-09-27 02:39:11 WIB",0,Unallocated,Unallocated,unknown,"d41d8cd98f00b204e9800998ecf8427e","e3b0c44298fc1c149afbf4c8996fb92427ae41e4649b934ca495991b7852b855",application/octet-stream,tmp,"/img_fd_kel3.001/vol_vol2/.write_test_1840.tmp"
.write_test_1840.tmp,"2026-09-27 02:39:12 WIB","0000-00-00 00:00:00","2026-09-27 00:00:00 WIB","2026-09-27 02:39:11 WIB",0,Unallocated,Unallocated,unknown,"d41d8cd98f00b204e9800998ecf8427e","e3b0c44298fc1c149afbf4c8996fb92427ae41e4649b934ca495991b7852b855",application/octet-stream,tmp,"/img_fd_kel3.001/vol_vol2/.write_test_1840.tmp"
.write_test_1944.tmp,"1980-01-01 00:00:00 WIB","0000-00-00 00:00:00","2026-09-26 00:00:00 WIB","1980-01-01 00:00:00 WIB",327680,Unallocated,Unallocated,unknown,"77dbdf602fba782578d1c0f6946e9259","c57183a5c8b59972ae3137c5bae5beede463e71963e89ea4bd9543623662cd54",text/plain,tmp,"/img_fd_kel3.001/vol_vol2/.write_test_1944.tmp"
.write_test_2696.tmp,"1980-01-01 00:00:00 WIB","0000-00-00 00:00:00","2026-09-26 00:00:00 WIB","1980-01-01 00:00:00 WIB",278528,Unallocated,Unallocated,unknown,"f880941c4f53f17d9bfd19f11463d7c3","e3ed975a746edf2391d330e99f8085c2ce2f993fb6bf6db37127a9b3241f97ec",application/octet-stream,tmp,"/img_fd_kel3.001/vol_vol2/.write_test_2696.tmp"
.write_test_32.tmp,"1980-01-01 00:00:00 WIB","0000-00-00 00:00:00","2026-09-26 00:00:00 WIB","1980-01-01 00:00:00 WIB",16384,Unallocated,Unallocated,unknown,"54bed0855f5a341fccca3b116ac1d33b","3af960281f7487d4e0bd2ca9c90ba90e564233160da33a87f5d45a08351d2560",application/octet-stream,tmp,"/img_fd_kel3.001/vol_vol2/.write_test_32.tmp"
.write_test_3260.tmp,"1980-01-01 00:00:00 WIB","0000-00-00 00:00:00","2026-09-26 00:00:00 WIB","1980-01-01 00:00:00 WIB",65536,Unallocated,Unallocated,unknown,"208aee0b6a4d3d5ba22da8b09cb8aac3","ce782e7b9cb705b1f69743dd243d147dd276022724d57324717bcd6508056720",application/octet-stream,tmp,"/img_fd_kel3.001/vol_vol2/.write_test_3260.tmp"
.write_test_3260.tmp,"1980-01-01 00:00:00 WIB","0000-00-00 00:00:00","2026-09-26 00:00:00 WIB","1980-01-01 00:00:00 WIB",294912,Unallocated,Unallocated,unknown,"a25a4b5e4b1c77535eb1513734e43ef1","a19beec7286b02ab72810d06742d79bc6dbbe28c3f15c4a0b6e905bc2facd84c",application/octet-stream,tmp,"/img_fd_kel3.001/vol_vol2/.write_test_3260.tmp"
.write_test_3560.tmp,"1980-01-01 00:00:00 WIB","0000-00-00 00:00:00","2026-09-26 00:00:00 WIB","1980-01-01 00:00:00 WIB",163840,Unallocated,Unallocated,unknown,"60e2086474e5a3cb4141ff817836e496","43c721d70658843c167f6867cd53326c8e52b9e842bc45e7f55fe67c34bd0e7e",application/octet-stream,tmp,"/img_fd_kel3.001/vol_vol2/.write_test_3560.tmp"
.write_test_3716.tmp,"2026-09-27 02:05:02 WIB","0000-00-00 00:00:00","2026-09-27 00:00:00 WIB","2026-09-27 02:05:00 WIB",0,Unallocated,Unallocated,unknown,"d41d8cd98f00b204e9800998ecf8427e","e3b0c44298fc1c149afbf4c8996fb92427ae41e4649b934ca495991b7852b855",application/octet-stream,tmp,"/img_fd_kel3.001/vol_vol2/.write_test_3716.tmp"
.write_test_3716.tmp,"2026-09-27 02:05:02 WIB","0000-00-00 00:00:00","2026-09-27 00:00:00 WIB","2026-09-27 02:05:00 WIB",0,Unallocated,Unallocated,unknown,"d41d8cd98f00b204e9800998ecf8427e","e3b0c44298fc1c149afbf4c8996fb92427ae41e4649b934ca495991b7852b855",application/octet-stream,tmp,"/img_fd_kel3.001/vol_vol2/.write_test_3716.tmp"
.write_test_4128.tmp,"1980-01-01 00:00:00 WIB","0000-00-00 00:00:00","2026-09-26 00:00:00 WIB","1980-01-01 00:00:00 WIB",16384,Unallocated,Unallocated,unknown,"82b8ff50061d061aad577807c75030f7","2358cd00c0a298b8168487e9c4cfa9d5c1ab2e92167288876684c625ada615e5",application/octet-stream,tmp,"/img_fd_kel3.001/vol_vol2/.write_test_4128.tmp"
.write_test_4128.tmp,"1980-01-01 00:00:00 WIB","0000-00-00 00:00:00","2026-09-26 00:00:00 WIB","1980-01-01 00:00:00 WIB",16384,Unallocated,Unallocated,unknown,"be7c395dea8989e19a3b260468951a53","1756cf225c83969035e60080314343ea1451fbbe1dc93a5c7c9e9b715310152c",application/octet-stream,tmp,"/img_fd_kel3.001/vol_vol2/.write_test_4128.tmp"
.write_test_416.tmp,"1980-01-01 00:00:00 WIB","0000-00-00 00:00:00","2026-09-26 00:00:00 WIB","1980-01-01 00:00:00 WIB",294912,Unallocated,Unallocated,unknown,"28fad4d16bcd7c288aa661f7b47c0542","92c3c26c4010116c89b67b9b2981ce99e44ea7b04986475bcfc82c5404e9767f",application/octet-stream,tmp,"/img_fd_kel3.001/vol_vol2/.write_test_416.tmp"
.write_test_416.tmp,"1980-01-01 00:00:00 WIB","0000-00-00 00:00:00","2026-09-26 00:00:00 WIB","1980-01-01 00:00:00 WIB",294912,Unallocated,Unallocated,unknown,"aab87deba9c585db8a7b0cae7844a64a","6c32b77b82eccfb625b4aa83787a8627111b190c248d35adfece2537941ad6ec",text/plain,tmp,"/img_fd_kel3.001/vol_vol2/.write_test_416.tmp"
.write_test_5440.tmp,"1980-01-01 00:00:00 WIB","0000-00-00 00:00:00","2026-09-26 00:00:00 WIB","1980-01-01 00:00:00 WIB",278528,Unallocated,Unallocated,unknown,"ebfb49bc1cc26b4ccf547c2bcf30e5b9","50bf1651ae617605eb6045bb776316f79782a122efb8cdba9363eee51de1fc7d",application/octet-stream,tmp,"/img_fd_kel3.001/vol_vol2/.write_test_5440.tmp"
.write_test_5548.tmp,"2026-09-27 02:05:08 WIB","0000-00-00 00:00:00","2026-09-27 00:00:00 WIB","2026-09-27 02:05:06 WIB",0,Unallocated,Unallocated,unknown,"d41d8cd98f00b204e9800998ecf8427e","e3b0c44298fc1c149afbf4c8996fb92427ae41e4649b934ca495991b7852b855",application/octet-stream,tmp,"/img_fd_kel3.001/vol_vol2/.write_test_5548.tmp"
.write_test_5548.tmp,"2026-09-27 02:05:08 WIB","0000-00-00 00:00:00","2026-09-27 00:00:00 WIB","2026-09-27 02:05:06 WIB",0,Unallocated,Unallocated,unknown,"d41d8cd98f00b204e9800998ecf8427e","e3b0c44298fc1c149afbf4c8996fb92427ae41e4649b934ca495991b7852b855",application/octet-stream,tmp,"/img_fd_kel3.001/vol_vol2/.write_test_5548.tmp"
.write_test_6276.tmp,"2026-09-27 02:15:26 WIB","0000-00-00 00:00:00","2026-09-27 00:00:00 WIB","2026-09-27 02:15:24 WIB",0,Unallocated,Unallocated,unknown,"d41d8cd98f00b204e9800998ecf8427e","e3b0c44298fc1c149afbf4c8996fb92427ae41e4649b934ca495991b7852b855",application/octet-stream,tmp,"/img_fd_kel3.001/vol_vol2/.write_test_6276.tmp"
.write_test_6276.tmp,"2026-09-27 02:15:26 WIB","0000-00-00 00:00:00","2026-09-27 00:00:00 WIB","2026-09-27 02:15:24 WIB",0,Unallocated,Unallocated,unknown,"d41d8cd98f00b204e9800998ecf8427e","e3b0c44298fc1c149afbf4c8996fb92427ae41e4649b934ca495991b7852b855",application/octet-stream,tmp,"/img_fd_kel3.001/vol_vol2/.write_test_6276.tmp"
.write_test_6284.tmp,"1980-01-01 00:00:00 WIB","0000-00-00 00:00:00","2026-09-26 00:00:00 WIB","1980-01-01 00:00:00 WIB",212992,Unallocated,Unallocated,unknown,"4e0c05a7b06d2211f6f2dbf4b15a9611","b7728ae3b1ce46e9fb2164f66f8f95290f69c196fc55f1d46e669ceafd344fb0",application/octet-stream,tmp,"/img_fd_kel3.001/vol_vol2/.write_test_6284.tmp"
.write_test_6736.tmp,"2026-09-27 02:18:38 WIB","0000-00-00 00:00:00","2026-09-27 00:00:00 WIB","2026-09-27 02:18:36 WIB",0,Unallocated,Unallocated,unknown,"d41d8cd98f00b204e9800998ecf8427e","e3b0c44298fc1c149afbf4c8996fb92427ae41e4649b934ca495991b7852b855",application/octet-stream,tmp,"/img_fd_kel3.001/vol_vol2/.write_test_6736.tmp"
.write_test_6736.tmp,"2026-09-27 02:18:38 WIB","0000-00-00 00:00:00","2026-09-27 00:00:00 WIB","2026-09-27 02:18:36 WIB",0,Unallocated,Unallocated,unknown,"d41d8cd98f00b204e9800998ecf8427e","e3b0c44298fc1c149afbf4c8996fb92427ae41e4649b934ca495991b7852b855",application/octet-stream,tmp,"/img_fd_kel3.001/vol_vol2/.write_test_6736.tmp"
.write_test_7216.tmp,"1980-01-01 00:00:00 WIB","0000-00-00 00:00:00","2026-09-26 00:00:00 WIB","1980-01-01 00:00:00 WIB",16384,Unallocated,Unallocated,unknown,"cff3932179b6b46637678b613255d3d0","7cf3005d76a02729cd5f7dffde658cf400845ccc21e7b10eb837dc82b0441f3e",application/octet-stream,tmp,"/img_fd_kel3.001/vol_vol2/.write_test_7216.tmp"
.write_test_7284.tmp,"1980-01-01 00:00:00 WIB","0000-00-00 00:00:00","2026-09-26 00:00:00 WIB","1980-01-01 00:00:00 WIB",245760,Unallocated,Unallocated,unknown,"6550762e03238634c934f2bb5c5177c3","9aa1b268f47637f092b5544ef8c15785e233927f444ff1d66cde22f2f1dbbde5",application/x-msdownload,tmp,"/img_fd_kel3.001/vol_vol2/.write_test_7284.tmp"
.write_test_7284.tmp,"1980-01-01 00:00:00 WIB","0000-00-00 00:00:00","2026-09-26 00:00:00 WIB","1980-01-01 00:00:00 WIB",16384,Unallocated,Unallocated,unknown,"c0621ce5e39c1e64f8f13346e2fe36d7","4fc3ac7fb650f9c53243b74a26998e7b78ab4c148b2af72b0c4f968b9e305e10",application/octet-stream,tmp,"/img_fd_kel3.001/vol_vol2/.write_test_7284.tmp"
.write_test_7588.tmp,"2026-09-27 12:03:48 WIB","0000-00-00 00:00:00","2026-09-27 00:00:00 WIB","2026-09-27 12:03:46 WIB",0,Unallocated,Unallocated,unknown,"d41d8cd98f00b204e9800998ecf8427e","e3b0c44298fc1c149afbf4c8996fb92427ae41e4649b934ca495991b7852b855",application/octet-stream,tmp,"/img_fd_kel3.001/vol_vol2/.write_test_7588.tmp"
.write_test_7588.tmp,"2026-09-27 12:03:48 WIB","0000-00-00 00:00:00","2026-09-27 00:00:00 WIB","2026-09-27 12:03:46 WIB",0,Unallocated,Unallocated,unknown,"d41d8cd98f00b204e9800998ecf8427e","e3b0c44298fc1c149afbf4c8996fb92427ae41e4649b934ca495991b7852b855",application/octet-stream,tmp,"/img_fd_kel3.001/vol_vol2/.write_test_7588.tmp"
.write_test_8068.tmp,"1980-01-01 00:00:00 WIB","0000-00-00 00:00:00","2026-09-26 00:00:00 WIB","1980-01-01 00:00:00 WIB",294912,Unallocated,Unallocated,unknown,"303e3e51e74d5e2f7f66f34e967cfee6","ec36be4c80f88c811c366d809beb2c188c7f7ad3a4baca9778d9119b556f682f",application/octet-stream,tmp,"/img_fd_kel3.001/vol_vol2/.write_test_8068.tmp"
.write_test_8068.tmp,"1980-01-01 00:00:00 WIB","0000-00-00 00:00:00","2026-09-26 00:00:00 WIB","1980-01-01 00:00:00 WIB",16384,Unallocated,Unallocated,unknown,"921b876b28a251d406d5bc9e9188ab60","c3695c66877ef1fb56f4f1958f8436de1029251eb4abb68dd99d4af27102f1ba",application/octet-stream,tmp,"/img_fd_kel3.001/vol_vol2/.write_test_8068.tmp"
.write_test_8824.tmp,"1980-01-01 00:00:00 WIB","0000-00-00 00:00:00","2026-09-26 00:00:00 WIB","1980-01-01 00:00:00 WIB",327680,Unallocated,Unallocated,unknown,"e6c248d6325ff34636824f375a73bde5","3f8e7914e0e6c7187c23277432dffd4f580ce052a9fd95947199dc6f594bd664",application/octet-stream,tmp,"/img_fd_kel3.001/vol_vol2/.write_test_8824.tmp"
.write_test_9092.tmp,"1980-01-01 00:00:00 WIB","0000-00-00 00:00:00","2026-09-26 00:00:00 WIB","1980-01-01 00:00:00 WIB",262144,Unallocated,Unallocated,unknown,"669a9b5e17611d61ac9acfac3cccbe14","2678bcde5850868c4646ace1c43abd822e02723ca9c7c7fb1411a379aeb23981",application/octet-stream,tmp,"/img_fd_kel3.001/vol_vol2/.write_test_9092.tmp"
_adusb.log,"2026-09-27 12:52:22 WIB","0000-00-00 00:00:00","2026-09-27 00:00:00 WIB","2026-09-27 12:52:21 WIB",117,Unallocated,Unallocated,unknown,"53e64d79513176fdd10855355b6e26ee","c0dacd25caa8005487b20235af70d8bde52bb4d38faface3e046b6550717605f",application/octet-stream,log,"/img_fd_kel3.001/vol_vol2/_adusb.log"
_adusb.log,"2026-09-27 12:52:54 WIB","0000-00-00 00:00:00","2026-09-27 00:00:00 WIB","2026-09-27 12:52:21 WIB",117,Unallocated,Unallocated,unknown,"53e64d79513176fdd10855355b6e26ee","c0dacd25caa8005487b20235af70d8bde52bb4d38faface3e046b6550717605f",application/octet-stream,log,"/img_fd_kel3.001/vol_vol2/_adusb.log"
_drop_complete.txt,"2026-09-27 12:52:22 WIB","0000-00-00 00:00:00","2026-09-27 00:00:00 WIB","2026-09-27 12:52:21 WIB",16,Unallocated,Unallocated,unknown,"bcd3a4f495b1a2d8ecb11ab51e33782c","0d8c1d8c07e5ff4d94b87238cf363be5ee6517d6c45167b5cb13586919ccb757",text/plain,txt,"/img_fd_kel3.001/vol_vol2/_drop_complete.txt"
_drop_complete.txt,"2026-09-27 12:52:54 WIB","0000-00-00 00:00:00","2026-09-27 00:00:00 WIB","2026-09-27 12:52:21 WIB",16,Unallocated,Unallocated,unknown,"bcd3a4f495b1a2d8ecb11ab51e33782c","0d8c1d8c07e5ff4d94b87238cf363be5ee6517d6c45167b5cb13586919ccb757",text/plain,txt,"/img_fd_kel3.001/vol_vol2/_drop_complete.txt"
_EADME.md,"2026-09-27 02:06:12 WIB","0000-00-00 00:00:00","2026-09-27 00:00:00 WIB","2026-09-27 02:06:11 WIB",240,Unallocated,Unallocated,unknown,"56476d3d7842baa587f9f963d1131ee8","c5be729919ee3fd844408244a3d2603ef93e563ce6ae6ff28b3d0ddd5d743929",text/x-web-markdown,md,"/img_fd_kel3.001/vol_vol2/_EADME.md"
_OMBIN~1.PAR,"2026-09-27 06:25:56 WIB","0000-00-00 00:00:00","2026-09-27 00:00:00 WIB","2026-09-27 06:28:45 WIB",198144,Unallocated,Unallocated,unknown,"dad1e7e322b85a1876ba80fbce96f1df","a3dc473d41b2908ecce46c2cdcacc6abd43d0bc0df43d677e1aaa6738c13d18e",application/x-msdownload,par,"/img_fd_kel3.001/vol_vol2/_OMBIN~1.PAR"
_SCK0004.REC,"1980-01-01 00:00:00 WIB","0000-00-00 00:00:00","2026-09-26 00:00:00 WIB","1980-01-01 00:00:00 WIB",16384,Unallocated,Unallocated,unknown,"d047ccbbd0ddfaf9f8c5d21a1ec16735","899fbefb69985bc5ec6f51bf5058b12830f6a9e7607afd9ac06610a18a7d42d5",application/octet-stream,rec,"/img_fd_kel3.001/vol_vol2/_SCK0004.REC"
_SCK0005.REC,"1980-01-01 00:00:00 WIB","0000-00-00 00:00:00","2026-09-26 00:00:00 WIB","1980-01-01 00:00:00 WIB",16384,Unallocated,Unallocated,unknown,"f97cb77e1341cff3da977e8b154020e9","1f8f52fb5a78c4789251ff022d993b4f41ef2e46d5975de99bd9c49f08352e11",application/octet-stream,rec,"/img_fd_kel3.001/vol_vol2/_SCK0005.REC"
_SCK0006.REC,"1980-01-01 00:00:00 WIB","0000-00-00 00:00:00","2026-09-26 00:00:00 WIB","1980-01-01 00:00:00 WIB",16384,Unallocated,Unallocated,unknown,"e5270a4804f935ef30b296bd574f5a2a","492cedbe097cebf5ea9f67cc72a14a0a9d6dbab585ff20ff3b93b26eb345d0a0",application/octet-stream,rec,"/img_fd_kel3.001/vol_vol2/_SCK0006.REC"
_SCK0009.REC,"1980-01-01 00:00:00 WIB","0000-00-00 00:00:00","2026-09-26 00:00:00 WIB","1980-01-01 00:00:00 WIB",16384,Unallocated,Unallocated,unknown,"afece245f3d832cbe80cbdbc5b7116fe","057aca6fd23fe241260e43e7f8f32eb5f3aaf6507315121e17a3d9b0d1cdf8ea",application/octet-stream,rec,"/img_fd_kel3.001/vol_vol2/_SCK0009.REC"
_SCK0011.REC,"1980-01-01 00:00:00 WIB","0000-00-00 00:00:00","2026-09-26 00:00:00 WIB","1980-01-01 00:00:00 WIB",163840,Unallocated,Unallocated,unknown,"ac69e270f873ed23a4690adb1ad527e0","3a41d9e1024818bcf1998d48d1533e139e86b987e5b64c646d19bbe714537c00",application/octet-stream,rec,"/img_fd_kel3.001/vol_vol2/_SCK0011.REC"
_SCK0021.REC,"1980-01-01 00:00:00 WIB","0000-00-00 00:00:00","2026-09-26 00:00:00 WIB","1980-01-01 00:00:00 WIB",16384,Unallocated,Unallocated,unknown,"f6f200ca2561c1838c50b582e45a8b15","530582c26a1f610dc571b42438021bb27a0beffd3293fc438e72dd120d8a84e2",application/octet-stream,rec,"/img_fd_kel3.001/vol_vol2/_SCK0021.REC"
_SCK0024.REC,"1980-01-01 00:00:00 WIB","0000-00-00 00:00:00","2026-09-26 00:00:00 WIB","1980-01-01 00:00:00 WIB",294912,Unallocated,Unallocated,unknown,"f94cc5f3da448ca264e26222466b3464","0645229dedfe3f2b027553e6182fc610dad06071ffb4be9d70b7f9ac1e0864f6",application/octet-stream,rec,"/img_fd_kel3.001/vol_vol2/_SCK0024.REC"
_SCK0025.REC,"1980-01-01 00:00:00 WIB","0000-00-00 00:00:00","2026-09-26 00:00:00 WIB","1980-01-01 00:00:00 WIB",16384,Unallocated,Unallocated,unknown,"a4296d792d427881fa6c9050b7af2168","91c8a8549eadcf030175f3108ec6cd28e8d13ac3417ebf7e5f1e79e1a3fefa69",application/octet-stream,rec,"/img_fd_kel3.001/vol_vol2/_SCK0025.REC"
_SCK0026.REC,"1980-01-01 00:00:00 WIB","0000-00-00 00:00:00","2026-09-26 00:00:00 WIB","1980-01-01 00:00:00 WIB",16384,Unallocated,Unallocated,unknown,"544d339bd5a2abab760c822c71553ff5","3f80a4a5a3a3b31dc48a72d81e83c3c18d5e54bd608df2bd5e68bd30e3b70983",application/octet-stream,rec,"/img_fd_kel3.001/vol_vol2/_SCK0026.REC"
_SCK0027.REC,"1980-01-01 00:00:00 WIB","0000-00-00 00:00:00","2026-09-26 00:00:00 WIB","1980-01-01 00:00:00 WIB",16384,Unallocated,Unallocated,unknown,"48e4a97e2a32da127292e2b62d045fbc","10a656ac8ee9c801fdb996796c73c7bdbe8f30e0ec41e8cfaf0e4e254a0b74ec",application/octet-stream,rec,"/img_fd_kel3.001/vol_vol2/_SCK0027.REC"
_SCK0028.REC,"1980-01-01 00:00:00 WIB","0000-00-00 00:00:00","2026-09-26 00:00:00 WIB","1980-01-01 00:00:00 WIB",131072,Unallocated,Unallocated,unknown,"e75537032b23a7faebe0c00bf7ddb76a","e3163f1387b67aa255f1af002b8b404b9a7126d79e0f6a472a35bd824dd2f220",application/octet-stream,rec,"/img_fd_kel3.001/vol_vol2/_SCK0028.REC"
_SCK0029.REC,"1980-01-01 00:00:00 WIB","0000-00-00 00:00:00","2026-09-26 00:00:00 WIB","1980-01-01 00:00:00 WIB",16384,Unallocated,Unallocated,unknown,"ebfb49bc1cc26b4ccf547c2bcf30e5b9","50bf1651ae617605eb6045bb776316f79782a122efb8cdba9363eee51de1fc7d",application/octet-stream,rec,"/img_fd_kel3.001/vol_vol2/_SCK0029.REC"
_SCK0030.REC,"1980-01-01 00:00:00 WIB","0000-00-00 00:00:00","2026-09-26 00:00:00 WIB","1980-01-01 00:00:00 WIB",16384,Unallocated,Unallocated,unknown,"73753a7046c4459a00b4e4268f165652","11565fb3489b3f5bef6c59604696469e79e5e499799ee42925804b865fe2ac4c",application/octet-stream,rec,"/img_fd_kel3.001/vol_vol2/_SCK0030.REC"
_SCK0031.REC,"1980-01-01 00:00:00 WIB","0000-00-00 00:00:00","2026-09-26 00:00:00 WIB","1980-01-01 00:00:00 WIB",16384,Unallocated,Unallocated,unknown,"f9f25f66873cf8fc56be306e3f35c441","80fe6cdbeaa7d56bb11eca88dc83442a5009f0b57d8bbb737d05ea20bc50fa1b",application/octet-stream,rec,"/img_fd_kel3.001/vol_vol2/_SCK0031.REC"
_SCK0032.REC,"1980-01-01 00:00:00 WIB","0000-00-00 00:00:00","2026-09-26 00:00:00 WIB","1980-01-01 00:00:00 WIB",16384,Unallocated,Unallocated,unknown,"da4411a7722ca810ee577c7991908d1d","bef9da42eb7155b5dbd1e49f7ea00ffc529181740046434fd712aefbc87cf598",application/octet-stream,rec,"/img_fd_kel3.001/vol_vol2/_SCK0032.REC"
_SCK0033.REC,"1980-01-01 00:00:00 WIB","0000-00-00 00:00:00","2026-09-26 00:00:00 WIB","1980-01-01 00:00:00 WIB",131072,Unallocated,Unallocated,unknown,"7620e3f6ffd7d7a13ac09fb1530977e0","d02eec49ffd5ffad085358273e37a7c91c69c1455a56e822b58ab85041aa0637",application/octet-stream,rec,"/img_fd_kel3.001/vol_vol2/_SCK0033.REC"
_wprobe.tmp,"2026-09-27 02:24:54 WIB","0000-00-00 00:00:00","2026-09-27 00:00:00 WIB","2026-09-27 02:24:53 WIB",0,Unallocated,Unallocated,unknown,"d41d8cd98f00b204e9800998ecf8427e","e3b0c44298fc1c149afbf4c8996fb92427ae41e4649b934ca495991b7852b855",application/octet-stream,tmp,"/img_fd_kel3.001/vol_vol2/_wprobe.tmp"
_wprobe.tmp,"2026-09-27 02:25:00 WIB","0000-00-00 00:00:00","2026-09-27 00:00:00 WIB","2026-09-27 02:24:53 WIB",0,Unallocated,Unallocated,unknown,"d41d8cd98f00b204e9800998ecf8427e","e3b0c44298fc1c149afbf4c8996fb92427ae41e4649b934ca495991b7852b855",application/octet-stream,tmp,"/img_fd_kel3.001/vol_vol2/_wprobe.tmp"
_wprobe.tmp,"2026-09-27 02:25:02 WIB","0000-00-00 00:00:00","2026-09-27 00:00:00 WIB","2026-09-27 02:24:53 WIB",0,Unallocated,Unallocated,unknown,"d41d8cd98f00b204e9800998ecf8427e","e3b0c44298fc1c149afbf4c8996fb92427ae41e4649b934ca495991b7852b855",application/octet-stream,tmp,"/img_fd_kel3.001/vol_vol2/_wprobe.tmp"
_wprobe.tmp,"2026-09-27 02:25:12 WIB","0000-00-00 00:00:00","2026-09-27 00:00:00 WIB","2026-09-27 02:24:53 WIB",0,Unallocated,Unallocated,unknown,"d41d8cd98f00b204e9800998ecf8427e","e3b0c44298fc1c149afbf4c8996fb92427ae41e4649b934ca495991b7852b855",application/octet-stream,tmp,"/img_fd_kel3.001/vol_vol2/_wprobe.tmp"
_wprobe.tmp,"2026-09-27 02:25:54 WIB","0000-00-00 00:00:00","2026-09-27 00:00:00 WIB","2026-09-27 02:25:53 WIB",0,Unallocated,Unallocated,unknown,"d41d8cd98f00b204e9800998ecf8427e","e3b0c44298fc1c149afbf4c8996fb92427ae41e4649b934ca495991b7852b855",application/octet-stream,tmp,"/img_fd_kel3.001/vol_vol2/_wprobe.tmp"
_wprobe.tmp,"2026-09-27 02:30:52 WIB","0000-00-00 00:00:00","2026-09-27 00:00:00 WIB","2026-09-27 02:30:50 WIB",0,Unallocated,Unallocated,unknown,"d41d8cd98f00b204e9800998ecf8427e","e3b0c44298fc1c149afbf4c8996fb92427ae41e4649b934ca495991b7852b855",application/octet-stream,tmp,"/img_fd_kel3.001/vol_vol2/_wprobe.tmp"
_wprobe.tmp,"2026-09-27 02:30:58 WIB","0000-00-00 00:00:00","2026-09-27 00:00:00 WIB","2026-09-27 02:30:50 WIB",0,Unallocated,Unallocated,unknown,"d41d8cd98f00b204e9800998ecf8427e","e3b0c44298fc1c149afbf4c8996fb92427ae41e4649b934ca495991b7852b855",application/octet-stream,tmp,"/img_fd_kel3.001/vol_vol2/_wprobe.tmp"
_wprobe.tmp,"2026-09-27 02:42:30 WIB","0000-00-00 00:00:00","2026-09-27 00:00:00 WIB","2026-09-27 02:42:28 WIB",0,Unallocated,Unallocated,unknown,"d41d8cd98f00b204e9800998ecf8427e","e3b0c44298fc1c149afbf4c8996fb92427ae41e4649b934ca495991b7852b855",application/octet-stream,tmp,"/img_fd_kel3.001/vol_vol2/_wprobe.tmp"
_wprobe.tmp,"2026-09-27 02:43:00 WIB","0000-00-00 00:00:00","2026-09-27 00:00:00 WIB","2026-09-27 02:42:59 WIB",0,Unallocated,Unallocated,unknown,"d41d8cd98f00b204e9800998ecf8427e","e3b0c44298fc1c149afbf4c8996fb92427ae41e4649b934ca495991b7852b855",application/octet-stream,tmp,"/img_fd_kel3.001/vol_vol2/_wprobe.tmp"
_wprobe.tmp,"2026-09-27 02:43:08 WIB","0000-00-00 00:00:00","2026-09-27 00:00:00 WIB","2026-09-27 02:42:59 WIB",0,Unallocated,Unallocated,unknown,"d41d8cd98f00b204e9800998ecf8427e","e3b0c44298fc1c149afbf4c8996fb92427ae41e4649b934ca495991b7852b855",application/octet-stream,tmp,"/img_fd_kel3.001/vol_vol2/_wprobe.tmp"
_wprobe.tmp,"2026-09-27 02:53:34 WIB","0000-00-00 00:00:00","2026-09-27 00:00:00 WIB","2026-09-27 02:53:33 WIB",0,Unallocated,Unallocated,unknown,"d41d8cd98f00b204e9800998ecf8427e","e3b0c44298fc1c149afbf4c8996fb92427ae41e4649b934ca495991b7852b855",application/octet-stream,tmp,"/img_fd_kel3.001/vol_vol2/_wprobe.tmp"
_wprobe.tmp,"2026-09-27 02:54:04 WIB","0000-00-00 00:00:00","2026-09-27 00:00:00 WIB","2026-09-27 02:54:02 WIB",0,Unallocated,Unallocated,unknown,"d41d8cd98f00b204e9800998ecf8427e","e3b0c44298fc1c149afbf4c8996fb92427ae41e4649b934ca495991b7852b855",application/octet-stream,tmp,"/img_fd_kel3.001/vol_vol2/_wprobe.tmp"
_wprobe.tmp,"2026-09-27 02:54:08 WIB","0000-00-00 00:00:00","2026-09-27 00:00:00 WIB","2026-09-27 02:54:02 WIB",0,Unallocated,Unallocated,unknown,"d41d8cd98f00b204e9800998ecf8427e","e3b0c44298fc1c149afbf4c8996fb92427ae41e4649b934ca495991b7852b855",application/octet-stream,tmp,"/img_fd_kel3.001/vol_vol2/_wprobe.tmp"
_wprobe.tmp,"2026-09-27 10:56:02 WIB","0000-00-00 00:00:00","2026-09-27 00:00:00 WIB","2026-09-27 10:56:00 WIB",0,Unallocated,Unallocated,unknown,"d41d8cd98f00b204e9800998ecf8427e","e3b0c44298fc1c149afbf4c8996fb92427ae41e4649b934ca495991b7852b855",application/octet-stream,tmp,"/img_fd_kel3.001/vol_vol2/_wprobe.tmp"
_wprobe.tmp,"2026-09-27 10:56:06 WIB","0000-00-00 00:00:00","2026-09-27 00:00:00 WIB","2026-09-27 10:56:00 WIB",0,Unallocated,Unallocated,unknown,"d41d8cd98f00b204e9800998ecf8427e","e3b0c44298fc1c149afbf4c8996fb92427ae41e4649b934ca495991b7852b855",application/octet-stream,tmp,"/img_fd_kel3.001/vol_vol2/_wprobe.tmp"
_wprobe.tmp,"2026-09-27 10:56:08 WIB","0000-00-00 00:00:00","2026-09-27 00:00:00 WIB","2026-09-27 10:56:00 WIB",0,Unallocated,Unallocated,unknown,"d41d8cd98f00b204e9800998ecf8427e","e3b0c44298fc1c149afbf4c8996fb92427ae41e4649b934ca495991b7852b855",application/octet-stream,tmp,"/img_fd_kel3.001/vol_vol2/_wprobe.tmp"
_wprobe.tmp,"2026-09-27 10:56:12 WIB","0000-00-00 00:00:00","2026-09-27 00:00:00 WIB","2026-09-27 10:56:00 WIB",0,Unallocated,Unallocated,unknown,"d41d8cd98f00b204e9800998ecf8427e","e3b0c44298fc1c149afbf4c8996fb92427ae41e4649b934ca495991b7852b855",application/octet-stream,tmp,"/img_fd_kel3.001/vol_vol2/_wprobe.tmp"
_wprobe.tmp,"2026-09-27 12:03:46 WIB","0000-00-00 00:00:00","2026-09-27 00:00:00 WIB","2026-09-27 12:03:45 WIB",0,Unallocated,Unallocated,unknown,"d41d8cd98f00b204e9800998ecf8427e","e3b0c44298fc1c149afbf4c8996fb92427ae41e4649b934ca495991b7852b855",application/octet-stream,tmp,"/img_fd_kel3.001/vol_vol2/_wprobe.tmp"
_wprobe.tmp,"2026-09-27 12:03:54 WIB","0000-00-00 00:00:00","2026-09-27 00:00:00 WIB","2026-09-27 12:03:45 WIB",0,Unallocated,Unallocated,unknown,"d41d8cd98f00b204e9800998ecf8427e","e3b0c44298fc1c149afbf4c8996fb92427ae41e4649b934ca495991b7852b855",application/octet-stream,tmp,"/img_fd_kel3.001/vol_vol2/_wprobe.tmp"
_wprobe.tmp,"2026-09-27 12:52:22 WIB","0000-00-00 00:00:00","2026-09-27 00:00:00 WIB","2026-09-27 12:52:21 WIB",0,Unallocated,Unallocated,unknown,"d41d8cd98f00b204e9800998ecf8427e","e3b0c44298fc1c149afbf4c8996fb92427ae41e4649b934ca495991b7852b855",application/octet-stream,tmp,"/img_fd_kel3.001/vol_vol2/_wprobe.tmp"
_wprobe.tmp,"2026-09-27 12:52:54 WIB","0000-00-00 00:00:00","2026-09-27 00:00:00 WIB","2026-09-27 12:52:53 WIB",0,Unallocated,Unallocated,unknown,"d41d8cd98f00b204e9800998ecf8427e","e3b0c44298fc1c149afbf4c8996fb92427ae41e4649b934ca495991b7852b855",application/octet-stream,tmp,"/img_fd_kel3.001/vol_vol2/_wprobe.tmp"
_wprobe.tmp,"2026-09-27 13:01:06 WIB","0000-00-00 00:00:00","2026-09-27 00:00:00 WIB","2026-09-27 13:01:04 WIB",0,Unallocated,Unallocated,unknown,"d41d8cd98f00b204e9800998ecf8427e","e3b0c44298fc1c149afbf4c8996fb92427ae41e4649b934ca495991b7852b855",application/octet-stream,tmp,"/img_fd_kel3.001/vol_vol2/_wprobe.tmp"
_wprobe.tmp,"2026-09-27 13:01:28 WIB","0000-00-00 00:00:00","2026-09-27 00:00:00 WIB","2026-09-27 13:01:27 WIB",0,Unallocated,Unallocated,unknown,"d41d8cd98f00b204e9800998ecf8427e","e3b0c44298fc1c149afbf4c8996fb92427ae41e4649b934ca495991b7852b855",application/octet-stream,tmp,"/img_fd_kel3.001/vol_vol2/_wprobe.tmp"
_wprobe.tmp,"2026-09-27 13:19:52 WIB","0000-00-00 00:00:00","2026-09-27 00:00:00 WIB","2026-09-27 13:19:50 WIB",0,Unallocated,Unallocated,unknown,"d41d8cd98f00b204e9800998ecf8427e","e3b0c44298fc1c149afbf4c8996fb92427ae41e4649b934ca495991b7852b855",application/octet-stream,tmp,"/img_fd_kel3.001/vol_vol2/_wprobe.tmp"
_wprobe.tmp,"2026-09-27 13:19:56 WIB","0000-00-00 00:00:00","2026-09-27 00:00:00 WIB","2026-09-27 13:19:50 WIB",0,Unallocated,Unallocated,unknown,"d41d8cd98f00b204e9800998ecf8427e","e3b0c44298fc1c149afbf4c8996fb92427ae41e4649b934ca495991b7852b855",application/octet-stream,tmp,"/img_fd_kel3.001/vol_vol2/_wprobe.tmp"
_wprobe.tmp,"2026-09-27 13:20:10 WIB","0000-00-00 00:00:00","2026-09-27 00:00:00 WIB","2026-09-27 13:19:50 WIB",0,Unallocated,Unallocated,unknown,"d41d8cd98f00b204e9800998ecf8427e","e3b0c44298fc1c149afbf4c8996fb92427ae41e4649b934ca495991b7852b855",application/octet-stream,tmp,"/img_fd_kel3.001/vol_vol2/_wprobe.tmp"
_wprobe.tmp,"2026-09-27 13:29:46 WIB","0000-00-00 00:00:00","2026-09-27 00:00:00 WIB","2026-09-27 13:29:44 WIB",0,Unallocated,Unallocated,unknown,"d41d8cd98f00b204e9800998ecf8427e","e3b0c44298fc1c149afbf4c8996fb92427ae41e4649b934ca495991b7852b855",application/octet-stream,tmp,"/img_fd_kel3.001/vol_vol2/_wprobe.tmp"
_wprobe.tmp,"2026-09-27 13:29:50 WIB","0000-00-00 00:00:00","2026-09-27 00:00:00 WIB","2026-09-27 13:29:44 WIB",0,Unallocated,Unallocated,unknown,"d41d8cd98f00b204e9800998ecf8427e","e3b0c44298fc1c149afbf4c8996fb92427ae41e4649b934ca495991b7852b855",application/octet-stream,tmp,"/img_fd_kel3.001/vol_vol2/_wprobe.tmp"
_wprobe.tmp,"2026-09-27 13:29:56 WIB","0000-00-00 00:00:00","2026-09-27 00:00:00 WIB","2026-09-27 13:29:44 WIB",0,Unallocated,Unallocated,unknown,"d41d8cd98f00b204e9800998ecf8427e","e3b0c44298fc1c149afbf4c8996fb92427ae41e4649b934ca495991b7852b855",application/octet-stream,tmp,"/img_fd_kel3.001/vol_vol2/_wprobe.tmp"
_wprobe.tmp,"2026-09-27 13:30:04 WIB","0000-00-00 00:00:00","2026-09-27 00:00:00 WIB","2026-09-27 13:29:44 WIB",0,Unallocated,Unallocated,unknown,"d41d8cd98f00b204e9800998ecf8427e","e3b0c44298fc1c149afbf4c8996fb92427ae41e4649b934ca495991b7852b855",application/octet-stream,tmp,"/img_fd_kel3.001/vol_vol2/_wprobe.tmp"
_wprobe.tmp,"2026-09-27 13:34:14 WIB","0000-00-00 00:00:00","2026-09-27 00:00:00 WIB","2026-09-27 13:34:13 WIB",0,Unallocated,Unallocated,unknown,"d41d8cd98f00b204e9800998ecf8427e","e3b0c44298fc1c149afbf4c8996fb92427ae41e4649b934ca495991b7852b855",application/octet-stream,tmp,"/img_fd_kel3.001/vol_vol2/_wprobe.tmp"
_wprobe.tmp,"2026-09-27 13:34:18 WIB","0000-00-00 00:00:00","2026-09-27 00:00:00 WIB","2026-09-27 13:34:13 WIB",0,Unallocated,Unallocated,unknown,"d41d8cd98f00b204e9800998ecf8427e","e3b0c44298fc1c149afbf4c8996fb92427ae41e4649b934ca495991b7852b855",application/octet-stream,tmp,"/img_fd_kel3.001/vol_vol2/_wprobe.tmp"
_wprobe.tmp,"2026-09-27 13:41:50 WIB","0000-00-00 00:00:00","2026-09-27 00:00:00 WIB","2026-09-27 13:41:49 WIB",0,Unallocated,Unallocated,unknown,"d41d8cd98f00b204e9800998ecf8427e","e3b0c44298fc1c149afbf4c8996fb92427ae41e4649b934ca495991b7852b855",application/octet-stream,tmp,"/img_fd_kel3.001/vol_vol2/_wprobe.tmp"
_wprobe.tmp,"2026-09-27 22:09:18 WIB","0000-00-00 00:00:00","2026-09-27 00:00:00 WIB","2026-09-27 22:09:16 WIB",0,Unallocated,Unallocated,unknown,"d41d8cd98f00b204e9800998ecf8427e","e3b0c44298fc1c149afbf4c8996fb92427ae41e4649b934ca495991b7852b855",application/octet-stream,tmp,"/img_fd_kel3.001/vol_vol2/_wprobe.tmp"
_wprobe.tmp,"2026-09-27 22:09:24 WIB","0000-00-00 00:00:00","2026-09-27 00:00:00 WIB","2026-09-27 22:09:16 WIB",0,Unallocated,Unallocated,unknown,"d41d8cd98f00b204e9800998ecf8427e","e3b0c44298fc1c149afbf4c8996fb92427ae41e4649b934ca495991b7852b855",application/octet-stream,tmp,"/img_fd_kel3.001/vol_vol2/_wprobe.tmp"
_wprobe.tmp,"2026-09-27 22:09:34 WIB","0000-00-00 00:00:00","2026-09-27 00:00:00 WIB","2026-09-27 22:09:16 WIB",0,Unallocated,Unallocated,unknown,"d41d8cd98f00b204e9800998ecf8427e","e3b0c44298fc1c149afbf4c8996fb92427ae41e4649b934ca495991b7852b855",application/octet-stream,tmp,"/img_fd_kel3.001/vol_vol2/_wprobe.tmp"
_wprobe.tmp,"2026-09-27 22:09:36 WIB","0000-00-00 00:00:00","2026-09-27 00:00:00 WIB","2026-09-27 22:09:16 WIB",0,Unallocated,Unallocated,unknown,"d41d8cd98f00b204e9800998ecf8427e","e3b0c44298fc1c149afbf4c8996fb92427ae41e4649b934ca495991b7852b855",application/octet-stream,tmp,"/img_fd_kel3.001/vol_vol2/_wprobe.tmp"
_wprobe.tmp,"2026-09-27 22:09:40 WIB","0000-00-00 00:00:00","2026-09-27 00:00:00 WIB","2026-09-27 22:09:16 WIB",0,Unallocated,Unallocated,unknown,"d41d8cd98f00b204e9800998ecf8427e","e3b0c44298fc1c149afbf4c8996fb92427ae41e4649b934ca495991b7852b855",application/octet-stream,tmp,"/img_fd_kel3.001/vol_vol2/_wprobe.tmp"
_wprobe.tmp,"2026-09-28 08:21:52 WIB","0000-00-00 00:00:00","2026-09-28 00:00:00 WIB","2026-09-28 08:21:51 WIB",0,Unallocated,Unallocated,unknown,"d41d8cd98f00b204e9800998ecf8427e","e3b0c44298fc1c149afbf4c8996fb92427ae41e4649b934ca495991b7852b855",application/octet-stream,tmp,"/img_fd_kel3.001/vol_vol2/_wprobe.tmp"
_wprobe.tmp,"2026-10-01 10:27:06 WIB","0000-00-00 00:00:00","2026-10-01 00:00:00 WIB","2026-10-01 10:27:05 WIB",0,Unallocated,Unallocated,unknown,"d41d8cd98f00b204e9800998ecf8427e","e3b0c44298fc1c149afbf4c8996fb92427ae41e4649b934ca495991b7852b855",application/octet-stream,tmp,"/img_fd_kel3.001/vol_vol2/_wprobe.tmp"
_wprobe.tmp,"2026-10-01 10:27:14 WIB","0000-00-00 00:00:00","2026-10-01 00:00:00 WIB","2026-10-01 10:27:05 WIB",0,Unallocated,Unallocated,unknown,"d41d8cd98f00b204e9800998ecf8427e","e3b0c44298fc1c149afbf4c8996fb92427ae41e4649b934ca495991b7852b855",application/octet-stream,tmp,"/img_fd_kel3.001/vol_vol2/_wprobe.tmp"
_wprobe.tmp,"2026-10-01 10:30:24 WIB","0000-00-00 00:00:00","2026-10-01 00:00:00 WIB","2026-10-01 10:30:23 WIB",0,Unallocated,Unallocated,unknown,"d41d8cd98f00b204e9800998ecf8427e","e3b0c44298fc1c149afbf4c8996fb92427ae41e4649b934ca495991b7852b855",application/octet-stream,tmp,"/img_fd_kel3.001/vol_vol2/_wprobe.tmp"
_wprobe.tmp,"2026-10-01 10:30:34 WIB","0000-00-00 00:00:00","2026-10-01 00:00:00 WIB","2026-10-01 10:30:23 WIB",0,Unallocated,Unallocated,unknown,"d41d8cd98f00b204e9800998ecf8427e","e3b0c44298fc1c149afbf4c8996fb92427ae41e4649b934ca495991b7852b855",application/octet-stream,tmp,"/img_fd_kel3.001/vol_vol2/_wprobe.tmp"
_wprobe.tmp,"2026-10-01 10:38:10 WIB","0000-00-00 00:00:00","2026-10-01 00:00:00 WIB","2026-10-01 10:38:09 WIB",0,Unallocated,Unallocated,unknown,"d41d8cd98f00b204e9800998ecf8427e","e3b0c44298fc1c149afbf4c8996fb92427ae41e4649b934ca495991b7852b855",application/octet-stream,tmp,"/img_fd_kel3.001/vol_vol2/_wprobe.tmp"
_wprobe.tmp,"2026-10-01 10:38:20 WIB","0000-00-00 00:00:00","2026-10-01 00:00:00 WIB","2026-10-01 10:38:09 WIB",0,Unallocated,Unallocated,unknown,"d41d8cd98f00b204e9800998ecf8427e","e3b0c44298fc1c149afbf4c8996fb92427ae41e4649b934ca495991b7852b855",application/octet-stream,tmp,"/img_fd_kel3.001/vol_vol2/_wprobe.tmp"
_wprobe.tmp,"2026-10-05 05:42:44 WIB","0000-00-00 00:00:00","2026-10-05 00:00:00 WIB","2026-10-05 05:42:42 WIB",0,Unallocated,Unallocated,unknown,"d41d8cd98f00b204e9800998ecf8427e","e3b0c44298fc1c149afbf4c8996fb92427ae41e4649b934ca495991b7852b855",application/octet-stream,tmp,"/img_fd_kel3.001/vol_vol2/_wprobe.tmp"
carrier.exe,"2026-09-27 15:51:34 WIB","0000-00-00 00:00:00","2026-09-27 00:00:00 WIB","2026-09-27 15:51:35 WIB",93696,Unallocated,Unallocated,unknown,"22acb9797eba15b787e7c2a9e5b1a63d","e157b756c6a56f6b0690c7e854ad3b936a06b7c1ff5e0a00cd06452eacf1d419",application/octet-stream,exe,"/img_fd_kel3.001/vol_vol2/carrier.exe"
combined_v2.exe.part,"2026-09-26 19:35:52 WIB","0000-00-00 00:00:00","2026-09-26 00:00:00 WIB","2026-09-26 19:41:12 WIB",233984,Unallocated,Unallocated,unknown,"dc8a3ff4560274ff2fce197411748806","c1c76134e9f212d377f6455e47b4f5adedc4ecf0ed7de1a4cd9440dc9ab03054",application/x-msdownload,part,"/img_fd_kel3.001/vol_vol2/combined_v2.exe.part"
combined_v2_debug.log,"1980-01-01 00:00:00 WIB","0000-00-00 00:00:00","2026-09-26 00:00:00 WIB","1980-01-01 00:00:00 WIB",16384,Unallocated,Unallocated,unknown,"30cfd91bd77061b7becdc1c3b7fcc7be","d793314cf7e8817409672314e9819aa6f24c4b1fce8f94bae5c093ab470a3d06",application/octet-stream,log,"/img_fd_kel3.001/vol_vol2/combined_v2_debug.log"
combined_v2_fixed.exe,"2026-09-26 19:37:32 WIB","0000-00-00 00:00:00","2026-09-27 00:00:00 WIB","2026-09-26 19:38:54 WIB",287744,Unallocated,Unallocated,unknown,"a8637466af689ddcfddff1f0e2c07fb4","72e57b6833bda3935c8daa64907056934b6189d2fc9af4a0790d021fd7017383",application/x-msdownload,exe,"/img_fd_kel3.001/vol_vol2/combined_v2_fixed.exe"
combined_v2_gui.exe,"2026-10-01 03:36:32 WIB","0000-00-00 00:00:00","2026-10-05 00:00:00 WIB","2026-09-27 15:08:58 WIB",394752,Allocated,Allocated,unknown,"3fc8629856beb346c9be90f97526a392","d679bed3814ec4157f62ea3be6fbe44f12cdead34b0a1020db551962a92ecd44",application/x-msdownload,exe,"/img_fd_kel3.001/vol_vol2/combined_v2_gui.exe"
little_courrier_chat.png,"2026-09-28 01:56:26 WIB","0000-00-00 00:00:00","2026-10-03 00:00:00 WIB","2026-09-28 01:56:54 WIB",1440593,Allocated,Allocated,unknown,"e8dd994b1f1e3866bc878c276cf6932e","7a51c2252fa577671ddd22f0347692bc333c5a4bb6021074b8a1af5297675f76",image/png,png,"/img_fd_kel3.001/vol_vol2/little_courrier_chat.png"
maldev_badusb.exe,"2026-09-26 14:55:18 WIB","0000-00-00 00:00:00","2026-10-01 00:00:00 WIB","2026-09-26 14:58:29 WIB",152064,Unallocated,Unallocated,unknown,"1ef8bfc8a2428bd2374bd571748b9544","de1acf6953acd83bacc2a2ecdfe1b5f76fca4ad8bb8eff64c9a724aff099bbd2",application/x-msdownload,exe,"/img_fd_kel3.001/vol_vol2/maldev_badusb.exe"
README.md.lnk,"2026-09-27 02:06:14 WIB","0000-00-00 00:00:00","2026-09-27 00:00:00 WIB","2026-09-26 21:58:47 WIB",583,Unallocated,Unallocated,unknown,"df076654928d147e13079385204c6ba8","9bc337c90e8adeac863f7269aedfb8e5c859ea96dba0b72e77fea91ae275a762",application/octet-stream,lnk,"/img_fd_kel3.001/vol_vol2/README.md.lnk"
README.pdf,"2026-09-28 03:10:00 WIB","0000-00-00 00:00:00","2026-10-01 00:00:00 WIB","2026-09-28 03:04:56 WIB",172300,Unallocated,Unallocated,unknown,"9ef73db7de06c3845c6bcbceb0993bd1","ae2eafba91e404a43ba132a95c0df624c7af544ca603bcb96a7c76191d6172a8",application/pdf,pdf,"/img_fd_kel3.001/vol_vol2/README.pdf"
write_flag.exe,"2026-10-01 03:06:46 WIB","0000-00-00 00:00:00","2026-10-01 00:00:00 WIB","2026-10-01 03:06:47 WIB",93696,Unallocated,Unallocated,unknown,"9b2b7632beeaf4ae67fa65f206b15545","970488926425358154d1dccd3730c7a4486ff101632f121f93a0fe65e1fea5e1",application/x-msdownload,exe,"/img_fd_kel3.001/vol_vol2/write_flag.exe"
